{"desc1": -2.1500000000000004, "desc2": 1.2000000000000004}