{"desc1": -0.6499999999999999, "desc2": 0.30000000000000027}