{"desc1": -0.04999999999999982, "desc2": 0.30000000000000027}