{"desc1": 1.9444444444444444, "desc2": -0.11111111111111116}