{"desc1": -0.6499999999999999, "desc2": -0.2999999999999998}