{"desc1": -0.04999999999999982, "desc2": -0.5999999999999999}