{"desc1": -0.6499999999999999, "desc2": 0.6000000000000003}