{"desc1": -0.34999999999999964, "desc2": 1.2000000000000004}