{"desc1": 0.3888888888888889, "desc2": -0.33333333333333337}