{"desc1": -0.34999999999999964, "desc2": 0.30000000000000027}