{"desc1": -2.1500000000000004, "desc2": 0.9000000000000006}