{"desc1": 0.7777777777777778, "desc2": 0.11111111111111116}