{"desc1": -0.04999999999999982, "desc2": -0.2999999999999998}