{"desc1": 1.5555555555555556, "desc2": 0.11111111111111116}