{"desc1": 3.111111111111111, "desc2": 0.33333333333333326}