{"desc1": -0.04999999999999982, "desc2": 0.9000000000000006}