{"desc1": 0.3888888888888889, "desc2": -0.11111111111111116}