{"desc1": -2.1500000000000004, "desc2": 2.220446049250313e-16}