{"desc1": 0.3888888888888889, "desc2": 0.7777777777777777}