{"desc1": 2.3333333333333335, "desc2": 0.5555555555555554}