{"desc1": 1.5555555555555556, "desc2": -0.7777777777777778}