{"desc1": -2.1500000000000004, "desc2": -0.8999999999999999}