{"desc1": -0.34999999999999964, "desc2": 2.220446049250313e-16}