{"desc1": 2.3333333333333335, "desc2": -0.11111111111111116}