{"desc1": 1.9444444444444444, "desc2": 0.5555555555555554}