{"desc1": 3.111111111111111, "desc2": 0.11111111111111116}