{"desc1": -0.04999999999999982, "desc2": 2.220446049250313e-16}