{"desc1": 2.7222222222222223, "desc2": 0.11111111111111116}