{"desc1": -0.6499999999999999, "desc2": 2.220446049250313e-16}