{"desc1": 0.7777777777777778, "desc2": -0.33333333333333337}