{"desc1": 0.7777777777777778, "desc2": -0.5555555555555556}