{"desc1": -0.6499999999999999, "desc2": 1.2000000000000004}