{"desc1": 1.1666666666666667, "desc2": 0.7777777777777777}