{"desc1": 1.9444444444444444, "desc2": 0.33333333333333326}