{"desc1": 3.111111111111111, "desc2": 0.7777777777777777}