{"desc1": -0.04999999999999982, "desc2": 1.2000000000000004}