{"desc1": 2.7222222222222223, "desc2": 0.33333333333333326}